houseNumbers,assessedValues,adjustedValues,assessedDifferences,discrepancies
420,492500,505498.3,-12998.29962,-2.64
421,463500,471445.3,-7945.29936,-1.71
422,486500,483688.4,2811.56509,0.58
423,492500,492401.0,99.00817,0.02
424,512000,493967.0,18033.02572,3.52
